continent,avg_beer
NA,145.43478260869566
EU,193.77777777777777
